{
  "resource_pack_name": "vanilla",
  "texture_name": "atlas.items",
  "texture_data": {
    "space": {
      "textures": "textures/items/space"
    },
    "soul": {
      "textures": "textures/items/soul"
    },
    "reality": {
      "textures": "textures/items/reality"
    },
    "mind": {
      "textures": "textures/items/mind"
    },
    "time": {
      "textures": "textures/items/time"
    },
    "power": {
      "textures": "textures/items/power"
    },
    "gauntlet_empty": {
      "textures": "textures/items/gauntlet_empty"
    },
    "withtime": {
      "textures": "textures/variants/time"
    },
    "withpower": {
      "textures": "textures/variants/power"
    },
    "withspace": {
      "textures": "textures/variants/space"
    },
    "withreality": {
      "textures": "textures/variants/reality"
    },
    "withmind": {
      "textures": "textures/variants/mind"
    },
    "gauntlet": {
      "textures": "textures/items/gauntlet"
    }
  }
}