{
	"format_version": "1.8.0",
	"geometry.th": {
		"texturewidth": 64,
		"textureheight": 64,
		"visible_bounds_width": 1,
		"visible_bounds_height": 2,
		"visible_bounds_offset": [0, 1, 0],
		"bones": [
			{
				"name": "head",
				"pivot": [0, 24, 0],
				"cubes": [
					{"origin": [-4, 24, -4], "size": [8, 8, 8], "uv": [0, 0]}
				]
			},
			{
				"name": "rightArm",
				"pivot": [-5, 22, 0],
				"cubes": [
					{"origin": [-8, 12, -2], "size": [4, 12, 4], "uv": [0, 16]}
				]
			},
			{
				"name": "rightItem",
				"parent": "rightArm",
				"pivot": [-6, 15, 1]
			},
			{
				"name": "leftArm",
				"pivot": [5, 22, 0],
				"mirror": true,
				"cubes": [
					{"origin": [4, 12, -2], "size": [4, 12, 4], "uv": [16, 16]},
					{"origin": [3.5, 12, -2.5], "size": [5, 6, 5], "uv": [16, 32]},
					{"origin": [6.5, 11, -2.5], "size": [2, 1, 5], "uv": [36, 32]},
					{"origin": [3.5, 11, -2.5], "size": [2, 1, 2], "uv": [0, 48]}
				]
			},
			{
				"name": "rightLeg",
				"pivot": [-1.9, 12, 0],
				"cubes": [
					{"origin": [-4, 0, -2], "size": [4, 12, 4], "uv": [32, 16]}
				]
			},
			{
				"name": "leftLeg",
				"pivot": [1.9, 12, 0],
				"mirror": true,
				"cubes": [
					{"origin": [0, 0, -2], "size": [4, 12, 4], "uv": [0, 32]}
				]
			},
			{
				"name": "body",
				"pivot": [0, 24, 0],
				"cubes": [
					{"origin": [-4, 12, -2], "size": [8, 12, 4], "uv": [32, 0]}
				]
			}
		]
	}
}