{
	"format_version": "1.8.0",
	"geometry.wv": {
		"texturewidth": 80,
		"textureheight": 80,
		"visible_bounds_width": 1,
		"visible_bounds_height": 2,
		"visible_bounds_offset": [0, 1, 0],
		"bones": [
			{
				"name": "head",
				"pivot": [0, 24, 0],
				"cubes": [
					{"origin": [-4, 24, -4], "size": [8, 8, 8], "uv": [0, 0]},
					{"origin": [-5, 24, -3], "size": [1, 6, 3], "uv": [0, 48]},
					{"origin": [-5, 30, -2], "size": [1, 1, 4], "uv": [16, 48]},
					{"origin": [-5, 28, 2], "size": [1, 4, 2], "uv": [0, 57]},
					{"origin": [-5, 25, 0], "size": [1, 5, 1], "uv": [4, 63]},
					{"origin": [-5, 26, 1], "size": [1, 4, 1], "uv": [0, 69]},
					{"origin": [-5, 27, 2], "size": [1, 1, 1], "uv": [4, 71]},
					{"origin": [-5, 29, 4], "size": [1, 4, 1], "uv": [24, 63]},
					{"origin": [4, 24, -3], "size": [1, 6, 3], "uv": [8, 48]},
					{"origin": [4, 29, 4], "size": [1, 4, 1], "uv": [20, 63]},
					{"origin": [4, 28, 2], "size": [1, 4, 2], "uv": [6, 57]},
					{"origin": [4, 30, -2], "size": [1, 1, 4], "uv": [26, 48]},
					{"origin": [4, 25, 0], "size": [1, 5, 1], "uv": [12, 63]},
					{"origin": [4, 26, 1], "size": [1, 4, 1], "uv": [16, 63]},
					{"origin": [4, 27, 2], "size": [1, 1, 1], "uv": [4, 69]}
				]
			},
			{
				"name": "rightArm",
				"pivot": [-5, 22, 0],
				"cubes": [
					{"origin": [-8, 12, -2], "size": [4, 12, 4], "uv": [16, 32]},
					{"origin": [-8, 7, -2], "size": [1, 5, 1], "uv": [0, 63]},
					{"origin": [-8, 7, 1], "size": [1, 5, 1], "uv": [24, 57]},
					{"origin": [-8, 7, -0.5], "size": [1, 5, 1], "uv": [16, 57]}
				]
			},
			{
				"name": "rightItem",
				"parent": "rightArm",
				"pivot": [-6, 15, 1]
			},
			{
				"name": "leftArm",
				"pivot": [5, 22, 0],
				"mirror": true,
				"cubes": [
					{"origin": [4, 12, -2], "size": [4, 12, 4], "uv": [0, 16]},
					{"origin": [7, 7, -2], "size": [1, 5, 1], "uv": [8, 63]},
					{"origin": [7, 7, 1], "size": [1, 5, 1], "uv": [20, 57]},
					{"origin": [7, 7, -0.5], "size": [1, 5, 1], "uv": [12, 57]}
				]
			},
			{
				"name": "rightLeg",
				"pivot": [-1.9, 12, 0],
				"cubes": [
					{"origin": [-4, 0, -2], "size": [4, 12, 4], "uv": [16, 16]}
				]
			},
			{
				"name": "leftLeg",
				"pivot": [1.9, 12, 0],
				"mirror": true,
				"cubes": [
					{"origin": [0, 0, -2], "size": [4, 12, 4], "uv": [0, 32]}
				]
			},
			{
				"name": "body",
				"pivot": [0, 24, 0],
				"cubes": [
					{"origin": [-4, 12, -2], "size": [8, 12, 4], "uv": [32, 0]}
				]
			}
		]
	}
}